Season,TeamName,Tempo,RankTempo,AdjTempo,RankAdjTempo,OE,RankOE,AdjOE,RankAdjOE,DE,RankDE,AdjDE,RankAdjDE,AdjEM,RankAdjEM,seed
2024,Abilene Christian,70.536,65,68.568,114,99.0523,294,101.657,259,103.331,126,105.601,163,-3.94377,209,
2024,Air Force,63.4044,355,61.9052,359,103.451,219,106.062,178,113.982,346,113.186,322,-7.12408,261,
2024,Akron,66.7263,273,66.02,271,107.361,130,106.781,164,100.275,54,102.14,98,4.64076,122,14
2024,Alabama,74.335,6,72.9246,8,121.389,2,125.111,4,107.597,247,102.31,101,22.8014,14,4
2024,Alabama A&M,71.7111,39,70.6173,42,95.9575,331,94.2041,346,104.979,178,108.554,222,-14.3499,324,
2024,Alabama State,69.0655,137,67.192,199,93.9542,347,93.0343,352,100.59,61,105.306,156,-12.2714,310,
2024,Albany (NY),74.333,7,73.1085,6,104.457,199,105.234,197,106.215,214,111.139,282,-5.90527,245,
2024,Alcorn State,68.329,188,66.4906,247,105.142,183,106.427,171,113.272,341,116.552,354,-10.1256,293,
2024,American,62.915,359,62.8562,355,106.303,150,103.482,227,106.857,227,113.943,334,-10.461,296,
2024,Appalachian State,68.6858,158,67.0409,212,109.532,93,108.431,135,97.3208,18,98.517,39,9.9136,84,
2024,Arizona,73.471,10,72.1871,16,117.136,13,120.666,9,96.4493,10,93.5054,10,27.1601,5,2
2024,Arizona State,70.5509,63,69.1749,83,97.504,316,104.028,217,104.597,172,100.007,63,4.02117,127,
2024,Arkansas,72.2026,26,70.8072,37,105.897,164,109.959,103,109.076,273,104.048,134,5.91052,109,
2024,Arkansas-Pine Bluff,73.0347,15,71.8795,18,103.856,213,102.209,250,114.427,352,118.906,360,-16.6965,331,
2024,Arkansas State,69.9627,93,68.0223,149,112.752,36,113.394,62,109.717,291,109.948,252,3.44603,133,
2024,Army,63.18,357,63.1216,352,93.7353,349,90.8157,357,102.933,114,109.863,248,-19.0473,345,
2024,Auburn,70.895,55,69.9339,58,117.177,12,120.413,10,96.3047,9,92.4011,5,28.0117,4,4
2024,Austin Peay,65.5753,325,64.7385,327,109.617,91,108.159,142,111.753,326,114.066,337,-5.90708,246,
2024,Ball State,67.4976,241,66.9411,221,105.289,177,102.938,241,106.606,220,110.774,271,-7.83609,266,
2024,Baylor,66.7204,275,65.7786,281,117.473,10,122.348,6,104.349,160,100.458,69,21.8891,15,3
2024,Bellarmine,66.4824,280,64.8816,318,100.636,272,100.313,279,114.394,351,113.401,330,-13.088,316,
2024,Belmont,71.9026,36,71.2906,29,107.452,126,109.324,113,105.414,190,104.041,133,5.28337,115,
2024,Bethune-Cookman,70.8346,57,69.8271,62,98.5352,304,97.9215,312,102.78,111,108.866,236,-10.9444,302,
2024,Binghamton,68.0898,201,66.3215,256,101.542,258,102.436,245,107.362,243,111.48,290,-9.04385,284,
2024,Boise State,66.3846,285,66.6272,242,110.354,68,113.462,60,100.804,68,97.2028,29,16.2594,42,10
2024,Boston College,67.6976,225,66.9597,218,108.7,109,113.706,56,105.482,193,102.445,102,11.261,72,
2024,Boston University,65.6953,320,65.8621,275,99.0878,293,98.2054,309,100.921,73,108.72,228,-10.5149,298,
2024,Bowling Green,68.5834,165,67.7384,161,104.158,207,102.351,247,103.486,135,107.876,210,-5.52491,239,
2024,Bradley,67.0006,265,66.3851,254,109.648,89,112.119,75,99.9642,47,99.9529,62,12.1665,64,
2024,Brown,67.6376,230,67.2289,197,102.79,233,104.223,216,105.751,199,106.712,185,-2.48902,189,
2024,Bryant,75.3787,2,74.2097,3,99.4465,291,101.047,268,98.7481,34,102.026,96,-0.979088,174,
2024,Bucknell,64.1487,352,64.8724,319,100.803,270,100.18,282,103.737,141,108.656,224,-8.47536,277,
2024,Buffalo,70.1324,83,69.1685,84,95.6487,333,95.3438,338,113.129,340,115.036,345,-19.6921,347,
2024,Butler,69.3125,125,68.5415,117,107.772,121,112.843,72,104.401,163,100.901,80,11.9421,66,
2024,BYU,69.9456,96,69.1682,85,116.413,16,119.751,13,100.111,51,99.7473,58,20.0038,19,6
2024,Cal Baptist,65.2943,333,63.6128,347,102.026,247,103.176,236,102.2,100,105.723,165,-2.54647,192,
2024,Cal Poly,66.5123,279,65.9161,272,93.7635,348,94.5615,343,110.692,307,112.293,309,-17.7316,339,
2024,Cal State Bakersfield,65.7488,318,64.8481,320,100.817,269,101.147,267,105.784,201,107.083,196,-5.93556,247,
2024,Cal State Fullerton,67.2869,256,66.4531,249,98.5792,303,100.084,286,103.967,149,105.411,158,-5.32646,234,
2024,Cal State Northridge,72.9858,16,72.653,13,100.842,268,100.131,284,101.742,88,105.447,159,-5.31607,233,
2024,California,69.768,100,68.5441,116,104.024,210,109.077,124,107.792,253,104.308,138,4.76922,118,
2024,Campbell,66.5348,277,66.632,240,101.984,248,100.627,276,109.499,286,112.966,320,-12.3385,311,
2024,Canisius,68.0699,203,66.9111,223,100.689,271,100.112,285,105.443,192,108.678,225,-8.5656,279,
2024,Central Arkansas,70.0705,88,69.2602,81,99.7642,283,97.1634,321,114.105,347,115.118,347,-17.9543,340,
2024,Central Connecticut State,67.4584,245,66.9477,220,103.78,216,100.964,270,100.67,63,108.434,220,-7.46961,263,
2024,Central Michigan,66.1632,299,65.0836,312,96.9844,324,96.5335,328,103.424,128,104.98,149,-8.44636,275,
2024,Charleston,70.1241,84,70.2124,51,114.45,20,113.902,54,104.987,179,106.396,178,7.50676,100,13
2024,Charleston Southern,67.5481,237,66.9142,222,94.942,338,95.4583,337,110.13,296,108.411,219,-12.9523,315,
2024,Charlotte,63.1816,356,62.4804,356,106.669,142,108.669,131,104.165,157,103.998,131,4.67011,121,
2024,Chattanooga,68.2132,194,67.028,216,111.391,51,110.406,100,105.954,207,107.856,209,2.55012,140,
2024,Chicago State,66.3425,290,64.5636,331,97.8826,310,100.216,281,107.615,248,110.393,259,-10.1768,294,
2024,Cincinnati,68.428,182,67.4636,181,107.833,119,111.924,79,98.6278,33,95.4415,16,16.4822,38,
2024,Clemson,67.6318,231,66.3061,257,113.356,33,117.498,24,103.795,143,98.4377,38,19.0603,23,6
2024,Cleveland State,68.5173,173,67.5023,176,108.276,113,106.129,176,106.778,224,108.773,230,-2.64374,194,
2024,Coastal Carolina,71.0887,52,69.5302,73,100.1,279,99.4679,296,110.853,312,112.231,305,-12.7636,313,
2024,Colgate,66.0426,304,66.34,255,106.324,149,104.784,205,98.2587,29,103.296,117,1.48814,150,14
2024,Colorado,69.0381,140,67.6099,168,113.64,30,118.37,21,102.736,108,99.2125,47,19.1576,22,10
2024,Colorado State,66.3451,289,66.0881,269,110.687,64,114.175,50,101.557,82,96.8543,27,17.3209,32,10
2024,Columbia,69.4073,118,68.563,115,106.562,146,106.62,167,108.582,268,112.043,300,-5.42303,236,
2024,Connecticut,66.2674,294,64.8927,315,122.771,1,126.416,2,96.8038,13,93.4619,9,32.9542,1,1
2024,Coppin State,67.2945,255,66.1383,267,85.2819,361,85.5702,361,107.321,240,111.432,288,-25.8622,361,
2024,Cornell,71.4705,42,71.4922,23,112.295,43,113.355,64,105.199,185,106.166,176,7.18854,103,
2024,Creighton,67.6559,229,66.8712,227,116.372,18,120.211,11,100.27,53,96.3246,23,23.8863,11,3
2024,Dartmouth,65.8875,312,65.1358,311,91.9971,354,93.1709,351,111.351,320,110.242,258,-17.0712,335,
2024,Davidson,65.7722,317,65.6617,286,102.699,235,105.677,186,102.04,95,101.345,84,4.33197,125,
2024,Dayton,64.7467,346,64.4494,334,113.991,26,117.686,23,102.178,99,100.291,65,17.3951,31,7
2024,Delaware,67.4355,249,67.4736,179,106.882,139,104.944,202,102.941,115,105.604,164,-0.660181,168,
2024,Delaware State,69.6087,105,68.8563,102,96.6045,325,95.7091,335,100.695,65,105.787,167,-10.0777,291,
2024,Denver,70.5015,68,70.4263,47,110.253,71,107.799,144,114.13,348,115.694,351,-7.89551,268,
2024,DePaul,68.3562,185,67.6176,167,94.874,340,101.208,265,119.443,362,112.842,319,-11.6347,308,
2024,Detroit Mercy,68.0245,207,66.86,228,96.4591,327,96.9079,322,117.114,358,117.341,357,-20.4329,351,
2024,Drake,68.595,161,68.0251,147,113.593,31,115.055,41,100.293,55,100.55,73,14.5052,51,10
2024,Drexel,65.3344,331,64.5446,332,108.875,106,108.227,141,101.383,79,104.095,135,4.13274,126,
2024,Duke,67.3952,254,66.5699,245,118.679,7,122.565,5,98.4636,31,95.5735,19,26.9912,6,4
2024,Duquesne,66.7229,274,66.2215,264,104.737,192,107.124,158,100.991,74,97.8388,31,9.28523,87,11
2024,East Carolina,65.5889,323,65.0001,313,103.885,211,104.718,208,106.972,231,107.167,199,-2.44835,188,
2024,East Tennessee State,68.1895,196,67.0729,210,102.988,232,103.402,230,103.549,137,104.352,139,-0.950244,173,
2024,Eastern Illinois,67.4741,242,66.7585,231,96.5098,326,96.0599,332,104.411,164,109.811,246,-13.751,320,
2024,Eastern Kentucky,70.1776,79,68.8004,104,108.974,104,106.937,162,109.792,292,110.951,275,-4.01427,211,
2024,Eastern Michigan,66.2534,296,65.3272,308,98.3101,307,96.9076,323,109.619,289,112.014,299,-15.1059,326,
2024,Eastern Washington,70.6686,61,70.5564,45,112.375,40,112.02,76,109.144,274,110.579,262,1.44062,151,
2024,Elon,67.5175,238,67.4832,177,104.212,205,101.801,258,113.003,337,115.118,346,-13.3169,317,
2024,Evansville,69.2998,126,68.5296,120,99.5735,286,102.097,252,105.923,204,106.067,175,-3.96976,210,
2024,Fairfield,68.926,147,68.5194,121,108.788,107,108.385,137,103.854,144,109.435,243,-1.04922,177,
2024,FDU,72.8658,18,72.232,15,99.8865,282,97.8799,313,106.746,223,113.269,323,-15.3888,327,
2024,FIU,71.3822,43,70.291,50,99.5036,287,101.559,260,107.738,252,110.653,265,-9.09418,285,
2024,Florida,73.0573,14,71.9442,17,115.085,19,120.06,12,106.395,218,101.846,95,18.2132,26,7
2024,Florida A&M,69.6002,107,68.3537,130,92.4953,353,93.2985,348,109.214,278,110.937,274,-17.6382,338,
2024,Florida Atlantic,69.0406,139,68.3014,132,116.373,17,117.776,22,103.879,147,102.038,97,15.7378,46,8
2024,Florida Gulf Coast,65.5319,327,63.8841,342,105.608,170,103.291,233,109.195,277,108.934,237,-5.64316,241,
2024,Florida State,72.1832,27,71.0953,33,105.691,169,110.821,91,105.59,196,100.622,74,10.1994,80,
2024,Fordham,69.3648,122,68.7407,108,99.4822,290,101.172,266,102.743,109,103.561,123,-2.3887,187,
2024,Fresno State,65.9175,310,65.632,290,100.846,267,103.635,223,111.056,317,108.834,233,-5.19855,231,
2024,Furman,70.3984,72,68.8259,103,110.208,72,109.922,104,107.214,238,107.515,205,2.40718,141,
2024,Gardner-Webb,69.8344,98,69.4338,74,101.824,252,102.345,248,105.708,197,105.799,168,-3.45367,204,
2024,George Mason,64.831,343,63.7403,344,108.712,108,109.539,111,101.648,85,101.405,87,8.13403,96,
2024,George Washington,70.1992,78,69.801,64,105.72,168,107.271,154,107.663,250,110.641,264,-3.36951,203,
2024,Georgetown,67.4524,246,66.6885,236,104.034,209,110.212,101,114.976,353,113.348,327,-3.13535,201,
2024,Georgia,70.5119,67,68.7141,110,105.833,165,109.773,107,104.938,176,99.4167,51,10.3559,79,
2024,Georgia Southern,70.1652,80,68.9812,94,103.367,221,104.777,206,111.943,329,113.388,329,-8.6111,280,
2024,Georgia State,70.0835,85,68.0096,150,105.185,181,105.7,184,108.142,255,109.981,253,-4.28112,218,
2024,Georgia Tech,68.2717,191,67.5973,169,102.503,242,109.304,114,108.85,270,104.958,148,4.34589,124,
2024,Gonzaga,69.7159,101,69.1592,86,120.246,4,122.298,7,99.4802,38,98.5776,42,23.7208,12,5
2024,Grambling,66.1058,302,64.7866,325,97.746,313,100.056,288,103.869,145,107.122,197,-7.0665,259,16
2024,Grand Canyon,69.4444,115,68.4455,127,111.724,46,112.875,71,95.7941,7,98.0697,33,14.8051,50,12
2024,Green Bay,64.9162,341,63.7129,345,104.825,188,103.986,219,107.027,232,108.948,239,-4.96249,228,
2024,Hampton,70.0071,90,69.7433,68,97.0661,322,94.4835,344,112.087,331,112.55,314,-18.067,341,
2024,Harvard,67.7425,222,67.4809,178,102.666,237,101.93,256,106.206,212,106.893,190,-4.96296,229,
2024,Hawaii,67.4712,243,66.1942,265,105.234,178,104.772,207,101.917,92,105.263,154,-0.491139,167,
2024,High Point,68.973,143,68.8948,99,118.059,9,115.966,35,107.045,233,110.018,254,5.94843,108,
2024,Hofstra,66.4217,282,65.7223,283,109.994,79,108.446,133,103.464,132,103.088,114,5.35805,113,
2024,Holy Cross,65.3884,330,65.8531,276,100.562,274,100.651,273,114.21,349,120.426,362,-19.7749,348,
2024,Houston,64.2865,351,63.7032,346,114.118,24,119.586,14,88.7458,1,88.001,2,31.5849,2,1
2024,Houston Christian,72.6775,20,71.4294,26,95.0097,336,96.5645,327,116.091,356,118.947,361,-22.3823,355,
2024,Howard,69.0139,141,67.769,159,106.36,147,105.472,192,107.359,242,113.96,335,-8.48837,278,16
2024,Idaho,65.5856,324,64.9628,314,100.471,276,98.3555,307,110.526,302,112.272,307,-13.9162,321,
2024,Idaho State,64.5568,349,64.0455,340,105.332,175,103.412,228,108.567,266,110.404,260,-6.99171,258,
2024,Illinois,70.1349,82,69.6612,71,119.919,5,126.732,1,104.081,152,101.707,92,25.0242,10,3
2024,Illinois-Chicago,68.5645,168,68.2533,135,98.9771,296,100.848,271,103.172,124,103.632,124,-2.78403,196,
2024,Illinois State,65.1605,338,63.7548,343,101.772,255,102.679,243,104.67,174,104.554,143,-1.87551,179,
2024,Incarnate Word,71.3565,45,70.006,56,98.4341,305,96.438,329,110.235,299,115.447,350,-19.0094,344,
2024,Indiana,69.3814,120,68.4877,124,104.287,202,109.73,109,107.097,235,101.067,82,8.66372,91,
2024,Indiana State,71.3613,44,70.7714,38,118.155,8,119.18,16,101.916,91,102.789,109,16.3906,40,
2024,Iona,67.9996,211,67.0373,214,104.945,186,103.503,226,103.598,138,108.383,218,-4.87959,226,
2024,Iowa,72.6677,21,71.7496,19,113.914,28,119.481,15,109.504,287,105.37,157,14.1115,55,
2024,Iowa State,67.8476,216,67.1378,205,110.932,58,114.3,49,90.3027,2,87.5215,1,26.7782,7,2
2024,IUPUI,68.6599,159,67.4529,183,94.0042,346,92.3118,353,118.33,361,117.808,358,-25.4962,360,
2024,Jackson State,69.9847,92,68.4864,125,101.691,256,100.602,277,107.616,249,112.258,306,-11.6558,309,
2024,Jacksonville,67.6103,232,65.5862,292,103.007,230,101.024,269,109.64,290,109.318,242,-8.29376,273,
2024,Jacksonville State,66.2387,297,64.8217,323,101.206,261,101.98,254,101.686,86,104.918,147,-2.93776,199,
2024,James Madison,70.9848,53,69.6846,69,114.027,25,112.964,70,97.5337,21,100.481,71,12.4826,62,12
2024,Kansas,69.8194,99,69.1002,90,107.428,127,113.432,61,100.58,60,95.5257,17,17.9061,28,4
2024,Kansas State,68.5203,172,67.6258,166,102.655,238,108.279,139,101.093,75,96.7539,25,11.5253,71,
2024,Kennesaw State,74.859,3,74.1127,4,108.219,115,105.258,196,111.043,316,112.818,318,-7.56018,265,
2024,Kent State,67.5109,239,66.6122,244,107.208,134,106.116,177,104.362,162,106.888,188,-0.771757,171,
2024,Kentucky,73.9155,9,72.6426,14,118.948,6,122.233,8,106.36,217,102.931,112,19.3028,21,3
2024,La Salle,67.1413,261,66.6712,237,105.034,184,106.056,179,108.506,264,108.76,229,-2.70338,195,
2024,Lafayette,65.263,335,65.3523,307,94.677,344,93.5512,347,102.005,94,107.058,195,-13.5068,318,
2024,Lamar,69.9484,95,68.2736,134,107.376,129,104.262,215,103.442,129,108.196,216,-3.93362,208,
2024,Le Moyne,68.3518,187,67.3512,193,102.119,246,100.039,289,104.201,159,111.06,278,-11.0207,303,
2024,Lehigh,69.5705,109,70.0889,54,100.56,275,99.4283,297,101.632,84,106.911,192,-7.48267,264,
2024,Liberty,65.7146,319,64.6352,330,108.236,114,109.195,121,103.16,123,106.472,180,2.72304,138,
2024,Lindenwood,68.1848,197,67.162,203,92.7112,351,91.6917,355,109.256,279,114.18,338,-22.4886,356,
2024,Lipscomb,70.4817,69,69.0964,91,114.255,22,111.952,78,109.816,293,112.326,310,-0.374211,166,
2024,Little Rock,69.8563,97,68.879,100,109.91,81,106.681,165,102.591,106,109.281,240,-2.59998,193,
2024,LIU,71.2761,47,70.3732,49,92.791,350,93.2424,350,106.965,230,112.153,302,-18.911,343,
2024,Long Beach State,72.0984,29,71.4733,24,105.409,173,107.288,153,105.189,184,107.422,201,-0.134422,164,15
2024,Longwood,67.6943,226,66.8188,230,106.301,151,105.583,189,102.577,105,105.095,150,0.488245,160,16
2024,Louisiana,70.377,73,68.7933,105,106.573,145,105.896,183,103.403,127,104.457,140,1.43883,152,
2024,Louisiana-Monroe,68.261,192,67.3037,195,97.9774,309,100.061,287,109.431,285,110.663,266,-10.6015,299,
2024,Louisiana Tech,66.8196,272,65.7747,282,107.185,135,108.81,127,97.2592,16,100.468,70,8.34153,94,
2024,Louisville,70.4252,71,69.8746,59,101.388,259,105.64,188,112.072,330,108.139,215,-2.49847,190,
2024,Loyola Chicago,69.0803,135,68.715,109,103.406,220,105.511,190,97.1999,15,97.0965,28,8.41428,93,
2024,Loyola Marymount,65.8525,313,64.6953,328,107.968,118,108.44,134,109.267,280,110.626,263,-2.18523,181,
2024,Loyola (MD),65.788,315,65.7803,280,94.7793,342,93.2806,349,108.521,265,113.586,331,-20.3057,350,
2024,LSU,70.744,60,69.8327,61,107.333,131,110.487,98,105.4,189,102.217,99,8.26971,95,
2024,Maine,67.5604,236,65.5187,298,97.2733,318,97.2152,320,99.5328,39,102.485,104,-5.27,232,
2024,Manhattan,69.0127,142,68.1104,141,94.2792,345,95.0757,340,109.028,272,112.622,316,-17.546,337,
2024,Marist,65.5403,326,64.8144,324,98.9318,297,96.8955,324,94.8008,5,101.099,83,-4.20336,216,
2024,Marquette,69.4763,113,69.0527,93,112.68,38,118.696,19,100.671,64,95.7512,21,22.9448,13,2
2024,Marshall,72.2562,24,70.4881,46,100.922,264,101.387,261,106.269,216,106.892,189,-5.50496,238,
2024,Maryland,66.2969,293,65.4817,301,102.554,240,107.164,157,98.3022,30,94.666,12,12.4982,61,
2024,Maryland-Eastern Shore,67.6579,228,67.1768,202,90.4527,358,89.6513,359,106.801,225,109.457,244,-19.8054,349,
2024,Massachusetts,69.2013,130,68.2361,136,111.375,53,111.781,82,102.101,96,103.129,115,8.65184,92,
2024,McNeese State,66.9121,270,65.8351,277,116.701,14,113.37,63,97.0214,14,101.488,89,11.8822,67,12
2024,Memphis,72.0328,31,71.6012,20,110.7,62,113.106,68,104.135,155,102.54,105,10.5666,76,
2024,Mercer,67.4671,244,66.1296,268,104.221,204,104.411,214,107.569,245,108.311,217,-3.90076,207,
2024,Merrimack,68.0592,204,67.4081,188,98.6477,302,96.7746,325,94.1196,4,100.874,78,-4.09951,213,
2024,Miami (FL),69.9598,94,68.5875,113,107.312,132,111.113,87,105.4,188,103.057,113,8.05656,98,
2024,Miami (OH),67.7975,220,67.4353,185,101.034,263,99.737,294,104.115,154,106.692,183,-6.95511,257,
2024,Michigan,68.8936,149,67.4448,184,104.381,201,110.479,99,113.57,345,106.576,181,3.9026,128,
2024,Michigan State,66.3831,286,65.2873,309,109.268,99,114.161,51,99.4727,37,93.5699,11,20.591,16,9
2024,Middle Tennessee,66.5181,278,65.5763,294,94.7268,343,98.036,311,105.129,183,106.843,186,-8.80731,281,
2024,Milwaukee,70.5162,66,70.1932,52,109.857,83,107.988,143,110.742,310,112.476,312,-4.48754,219,
2024,Minnesota,67.7428,221,66.6191,243,110.17,74,113.546,59,106.031,209,103.181,116,10.3646,78,
2024,Mississippi,68.5871,163,66.9108,224,109.234,100,113.81,55,107.724,251,104.472,141,9.33788,86,
2024,Mississippi State,68.696,157,67.0391,213,107.38,128,112.999,69,100.374,56,95.9349,22,17.0639,34,8
2024,Mississippi Valley State,66.2355,298,64.6916,329,83.2947,362,85.4623,362,117.21,359,116.281,353,-30.8191,362,
2024,Missouri,68.4553,180,66.6685,238,104.992,185,108.388,136,110.737,309,106.627,182,1.76083,147,
2024,Missouri State,68.4667,176,67.8414,157,102.483,243,104.48,211,102.828,112,102.91,111,1.56961,149,
2024,Monmouth,68.1049,199,67.8522,156,106.112,157,105.661,187,106.721,222,108.555,223,-2.89404,198,
2024,Montana,66.3989,284,66.2598,261,112.341,41,110.601,93,108.3,259,110.665,267,-0.0634583,162,
2024,Montana State,69.1205,134,68.9206,97,105.18,182,103.542,224,106.163,211,108.128,214,-4.58654,223,16
2024,Morehead State,65.6641,321,64.2681,337,110.507,67,109.081,123,100.652,62,103.907,130,5.17374,116,14
2024,Morgan State,71.1167,51,70.8363,36,97.1374,320,97.331,318,111.818,327,114.191,339,-16.8603,334,
2024,Mount St. Mary's,69.3752,121,69.1308,89,103.471,218,102.388,246,102.302,102,108.693,227,-6.30471,250,
2024,Murray State,65.2346,336,64.4444,335,105.345,174,107.396,151,107.097,234,106.911,191,0.485925,161,
2024,NC State,68.6593,160,68.0228,148,110.111,75,115.031,42,104.454,165,100.69,75,14.3418,53,11
2024,Navy,65.4328,329,65.585,293,99.4915,289,96.742,326,103.049,117,111.062,279,-14.3201,323,
2024,Nebraska,69.3908,119,68.9518,96,110.993,57,116.127,32,101.211,76,98.5775,41,17.5497,30,8
2024,Omaha,67.5068,240,67.4145,187,106.235,152,103.91,221,109.377,281,111.028,277,-7.1173,260,
2024,Nevada,66.9257,269,66.7507,233,112.409,39,115.18,39,100.059,50,98.4288,37,16.7514,37,10
2024,New Hampshire,72.9443,17,71.4546,25,99.6241,285,99.9342,292,102.858,113,105.971,172,-6.0368,248,
2024,New Mexico,72.385,23,72.7877,10,111.66,48,114.574,47,98.4642,32,96.434,24,18.1399,27,11
2024,New Mexico State,68.0966,200,66.2326,263,95.4164,334,99.3466,298,109.383,282,109.297,241,-9.95052,289,
2024,New Orleans,72.1001,28,71.5608,21,97.7346,314,97.8222,315,113.048,339,116.11,352,-18.2874,342,
2024,Niagara,67.6009,234,67.3942,191,104.173,206,103.209,234,105.751,198,111.402,286,-8.19303,272,
2024,Nicholls State,67.4371,248,66.2704,259,104.626,194,104.44,212,107.326,241,109.835,247,-5.39512,235,
2024,NJIT,68.3088,189,66.293,258,96.2518,330,97.3875,317,111.259,319,114.481,343,-17.0937,336,
2024,Norfolk State,67.2313,258,66.4158,253,104.818,189,103.889,222,101.986,93,108.835,234,-4.94634,227,
2024,North Alabama,68.5866,164,67.8649,155,107.548,122,105.687,185,110.702,308,112.081,301,-6.39451,252,
2024,North Carolina,71.2708,48,70.7235,41,114.321,21,119.156,17,97.7423,23,93.072,6,26.0836,9,1
2024,North Carolina A&T,68.0051,210,67.7434,160,96.2906,329,95.9905,334,114.238,350,115.425,349,-19.4346,346,
2024,North Carolina Central,67.1466,260,66.6413,239,106.024,161,104.892,203,104.59,171,111.581,291,-6.68925,253,
2024,North Dakota,67.845,217,66.7254,235,108.147,116,105.373,194,108.595,269,110.798,272,-5.42496,237,
2024,North Dakota State,65.9505,307,65.7026,284,105.767,167,103.989,218,112.592,334,112.464,311,-8.47492,276,
2024,North Florida,68.7676,154,67.1316,207,109.067,103,107.104,159,111.358,321,112.679,317,-5.57545,240,
2024,North Texas,62.8673,360,61.8376,360,108.281,112,110.199,102,101.558,83,99.4534,54,10.7456,75,
2024,Northeastern,65.8133,314,65.8136,279,105.576,171,105.259,195,110.189,297,111.612,292,-6.3536,251,
2024,Northern Arizona,69.0711,136,68.3015,131,98.7757,299,99.0878,300,110.529,303,111.452,289,-12.364,312,
2024,Northern Colorado,69.9916,91,69.986,57,109.949,80,107.603,145,108.408,263,110.755,270,-3.1517,202,
2024,Northern Illinois,69.1337,132,68.1054,142,101.824,253,102.146,251,113.343,343,113.769,333,-11.6231,307,
2024,Northern Iowa,67.6098,233,66.7537,232,106.648,144,109.144,122,105.27,187,103.66,125,5.48355,112,
2024,Northern Kentucky,69.2092,129,68.1236,140,104.879,187,103.32,232,104.957,177,105.529,162,-2.20886,183,
2024,Northwestern,64.7404,347,64.1325,338,111.122,56,115.736,36,104.489,166,99.4243,52,16.3117,41,9
2024,Northwestern State,68.7904,153,67.4708,180,98.2848,308,97.6384,316,110.224,298,112.492,313,-14.8533,325,
2024,Notre Dame,64.85,342,64.3275,336,97.6152,315,103.115,237,102.392,104,98.4108,36,4.70384,120,
2024,Oakland,68.0064,209,66.4664,248,110.687,63,109.244,116,105.951,206,105.448,160,3.79598,130,14
2024,Ohio,68.196,195,67.4616,182,110.926,59,109.048,125,103.458,131,106.882,187,2.16596,143,
2024,Ohio State,67.4056,253,66.439,251,110.879,60,115.126,40,103.473,134,99.9016,60,15.2244,48,
2024,Oklahoma,68.4615,179,67.0893,208,109.192,101,114.116,52,99.9957,48,98.3334,34,15.7828,45,
2024,Oklahoma State,68.0833,202,67.1352,206,103.114,227,108.748,129,106.096,210,103.844,129,4.90385,117,
2024,Old Dominion,71.1637,50,70.0672,55,98.8616,298,98.971,302,108.261,258,108.828,232,-9.85751,288,
2024,Oral Roberts,68.4049,183,67.7102,162,104.636,193,103.359,231,111.847,328,112.179,304,-8.8196,282,
2024,Oregon,68.3545,186,67.2376,196,109.622,90,114.747,44,104.569,169,100.44,68,14.3071,54,11
2024,Oregon State,66.1101,301,65.2514,310,100.904,265,106.98,161,109.194,276,105.852,170,1.12794,155,
2024,Pacific,69.1225,133,68.3655,129,91.8738,355,95.3238,339,117.488,360,118.011,359,-22.6875,357,
2024,Penn,66.1433,300,65.4733,302,107.116,136,109.203,120,112.475,332,113.308,325,-4.10476,214,
2024,Penn State,70.2618,75,69.7545,67,106.175,154,111.477,84,103.875,146,101.007,81,10.4703,77,
2024,Pepperdine,68.5327,170,67.3977,190,105.479,172,106.229,173,109.902,294,110.721,269,-4.49169,220,
2024,Pittsburgh,66.9651,268,65.5667,295,112.775,35,116.26,31,101.44,81,99.2413,48,17.0186,36,
2024,Portland,68.2911,190,67.5343,173,101.95,250,103.531,225,116.225,357,114.021,336,-10.4898,297,
2024,Portland State,69.0464,138,69.3847,77,101.57,257,99.6342,295,104.011,151,105.854,171,-6.21955,249,
2024,Prairie View,72.219,25,70.7451,39,95.3216,335,94.6796,342,106.843,226,111.197,284,-16.5172,330,
2024,Presbyterian,68.4625,177,67.4195,186,104.502,197,103.18,235,108.247,257,111.109,281,-7.92901,269,
2024,Princeton,65.6204,322,65.5022,299,116.539,15,116.716,28,103.684,140,105.099,151,11.6171,69,
2024,Providence,68.3966,184,67.5776,171,104.575,196,108.682,130,99.7642,44,95.6066,20,13.0752,58,
2024,Purdue,68.8972,148,67.5343,174,120.38,3,125.85,3,99.905,46,95.3444,15,30.5058,3,1
2024,Purdue Fort Wayne,71.9814,33,71.0021,35,108.425,111,105.078,200,100.447,58,103.712,127,1.36598,153,
2024,Queens,73.454,11,72.7525,11,105.301,176,103.966,220,112.536,333,111.921,298,-7.95574,270,
2024,Quinnipiac,71.5867,40,71.3668,27,106.183,153,105.093,199,99.8313,45,105.984,173,-0.891053,172,
2024,Radford,65.0953,339,63.5468,349,107.523,123,107.48,148,110.813,311,112.283,308,-4.80297,225,
2024,Rhode Island,68.9629,144,68.752,106,104.102,208,106.666,166,111.721,324,110.49,261,-3.82344,206,
2024,Rice,67.5802,235,65.872,274,103.84,214,106.55,168,111.593,322,111.626,294,-5.0754,230,
2024,Richmond,67.4379,247,66.8234,229,105.962,162,107.221,155,98.1099,27,98.0508,32,9.16983,89,
2024,Rider,68.5772,166,68.0391,146,102.133,245,102.754,242,104.006,150,107.482,204,-4.72768,224,
2024,Robert Morris,68.4621,178,67.0355,215,103.745,217,101.857,257,111.151,318,113.296,324,-11.4393,305,
2024,Rutgers,68.5627,169,67.8754,154,94.833,341,99.266,299,96.7237,12,91.7825,4,7.48356,101,
2024,Sacramento State,64.7641,345,64.0146,341,99.0451,295,98.166,310,110.3,300,111.08,280,-12.914,314,
2024,Sacred Heart,70.1596,81,69.2848,80,103.859,212,101.994,253,104.168,158,112.178,303,-10.1849,295,
2024,Saint Francis (PA),66.4176,283,65.4639,303,94.9292,339,94.3437,345,110.622,306,116.651,355,-22.3078,354,
2024,Saint Joseph's,68.5894,162,68.5166,122,109.399,94,110.506,96,102.144,98,102.832,110,7.67388,99,
2024,Saint Louis,69.4492,114,69.4262,75,106.808,141,111.46,85,115.155,355,114.253,341,-2.79253,197,
2024,Saint Mary's,63.5953,353,62.4221,357,114.234,23,114.608,46,93.9208,3,94.946,14,19.6621,20,5
2024,Saint Peter's,65.2123,337,64.0615,339,98.7077,301,98.3496,308,97.5472,22,101.47,88,-3.12038,200,15
2024,Sam Houston,68.8134,151,67.5818,170,103.162,226,105.99,181,100.865,71,103.706,126,2.28387,142,
2024,Samford,73.9189,8,72.8061,9,113.958,27,113.58,58,101.424,80,103.512,121,10.0683,82,13
2024,San Diego,71.9589,34,71.1357,32,100.878,266,100.639,275,108.149,256,107.447,202,-6.80801,255,
2024,San Diego State,66.9674,267,66.1534,266,109.175,102,113.936,53,98.0968,26,93.4599,8,20.4762,17,5
2024,San Francisco,68.0159,208,67.3123,194,111.688,47,110.555,94,97.3055,17,98.3394,35,12.216,63,
2024,San Jose State,65.9386,309,65.8207,278,102.543,241,105.961,182,113.306,342,111.836,297,-5.87507,244,
2024,Santa Clara,69.6605,104,69.1442,88,108.576,110,109.885,106,103.769,142,104.003,132,5.88234,110,
2024,Seattle,68.4795,174,67.0696,211,104.238,203,105.495,191,96.1795,8,99.5288,56,5.9664,107,
2024,Seton Hall,66.9721,266,66.2703,260,107.244,133,111.974,77,103.103,118,99.0378,45,12.936,60,
2024,Siena,67.125,262,66.042,270,90.0938,359,90.4736,358,110.872,314,113.337,326,-22.8631,358,
2024,SIU Edwardsville,67.2504,257,67.1837,201,103.174,224,101.276,263,105.505,195,110.935,273,-9.65913,286,
2024,SMU,68.4518,181,67.6841,164,111.391,52,111.879,80,100.545,59,100.756,76,11.1229,74,
2024,South Alabama,69.5863,108,68.2983,133,103.798,215,104.423,213,107.58,246,108.946,238,-4.52337,221,
2024,South Carolina,64.8291,344,63.1527,351,110.618,65,114.903,43,103.505,136,100.499,72,14.4042,52,6
2024,South Carolina State,70.0724,86,68.6391,111,98.7564,300,99.0605,301,105.93,205,109.933,251,-10.8727,301,
2024,South Dakota,69.6046,106,68.7455,107,104.81,191,103.061,238,115.022,354,117.011,356,-13.9502,322,
2024,South Dakota State,68.0533,205,67.9351,153,109.8,86,108.791,128,104.734,175,106.05,174,2.74146,136,15
2024,South Florida,68.9606,145,68.1474,139,110.005,77,110.914,89,100.782,67,101.634,90,9.28006,88,
2024,Southeast Missouri State,70.2532,76,69.1446,87,91.3467,356,91.3012,356,107.805,254,112.607,315,-21.3055,352,
2024,Southeastern Louisiana,66.363,288,64.8873,317,99.6263,284,98.7208,305,107.117,236,110.197,257,-11.476,306,
2024,Southern,69.4989,112,67.5045,175,97.1302,321,97.2234,319,100.251,52,104.486,142,-7.26312,262,
2024,Southern Illinois,65.2859,334,64.5037,333,108.918,105,109.256,115,103.45,130,104.843,145,4.41302,123,
2024,Southern Indiana,69.6879,103,69.0612,92,95.8048,332,95.9976,333,107.179,237,111.829,296,-15.8312,328,
2024,Southern Miss,69.2217,128,68.0753,143,101.04,262,101.298,262,105.427,191,107.03,194,-5.73244,242,
2024,Southern Utah,70.7627,59,69.601,72,103.096,228,105.998,180,109.419,284,111.783,295,-5.78513,243,
2024,St. Bonaventure,66.0687,303,65.6388,288,109.997,78,111.578,83,103.025,116,104.183,137,7.39529,102,
2024,St. John's (NY),69.5686,110,69.3245,79,113.437,32,118.493,20,103.472,133,99.9353,61,18.5573,25,
2024,St. Thomas,63.4062,354,63.0349,354,110.512,66,107.548,146,102.773,110,105.784,166,1.76369,146,
2024,Stanford,70.9054,54,69.668,70,105.918,163,110.523,95,106.504,219,103.802,128,6.72113,104,
2024,Stephen F. Austin,70.7669,58,69.2501,82,100.455,277,101.934,255,100.051,49,102.629,108,-0.69455,170,
2024,Stetson,66.7071,276,66.4333,252,110.279,70,109.756,108,113.347,344,114.288,342,-4.5311,222,16
2024,Stonehill,69.3584,123,67.6813,165,91.0965,357,91.7937,354,110.575,304,114.8,344,-23.0059,359,
2024,Stony Brook,67.4224,251,67.5369,172,106.149,155,106.258,172,105.89,202,106.938,193,-0.680727,169,
2024,Syracuse,71.9314,35,70.7292,40,105.223,179,111.377,86,106.208,213,101.388,86,9.98876,83,
2024,Tarleton State,67.9108,212,66.9553,219,106.335,148,109.231,119,103.124,121,105.528,161,3.70342,131,
2024,TCU,70.6454,62,69.7979,65,109.815,85,114.666,45,100.432,57,98.5753,40,16.0904,44,9
2024,Temple,67.71,224,66.8984,226,101.845,251,102.545,244,106.261,215,104.734,144,-2.18882,182,
2024,Tennessee,70.4261,70,69.3464,78,112.276,44,116.372,29,95.0113,6,89.9242,3,26.4473,8,2
2024,Tennessee-Martin,73.1712,13,72.9421,7,107.464,125,106.5,169,105.484,194,110.717,268,-4.21758,217,
2024,Tennessee State,68.9388,146,68.4602,126,101.337,260,98.8678,303,104.104,153,108.84,235,-9.97232,290,
2024,Tennessee Tech,66.8799,271,65.6384,289,96.3688,328,96.2814,330,109.396,283,113.017,321,-16.7359,333,
2024,Texas,68.2458,193,67.3993,189,110.207,73,116.362,30,100.746,66,97.6302,30,18.7314,24,7
2024,Texas A&M,67.7278,223,66.5079,246,111.58,50,117.449,26,105.255,186,100.404,67,17.0456,35,9
2024,Texas A&M-Commerce,67.9104,213,66.2473,262,95.0077,337,94.6975,341,109.146,275,111.414,287,-16.7169,332,
2024,Texas A&M-Corpus Christi,70.0709,87,68.8976,98,102.2,244,100.379,278,97.8788,25,102.6,107,-2.22193,184,
2024,Texas Southern,69.1649,131,68.0525,145,99.3774,292,98.8574,304,102.28,101,106.706,184,-7.84813,267,
2024,Texas State,68.0469,206,66.4443,250,98.3977,306,100.649,274,102.666,107,102.548,106,-1.89871,180,
2024,Texas Tech,67.2038,259,66.7429,234,111.632,49,117.311,27,103.122,120,100.03,64,17.2817,33,6
2024,The Citadel,66.3762,287,65.5409,297,102.995,231,102.994,239,108.571,267,109.926,250,-6.93164,256,
2024,Toledo,70.2208,77,69.4175,76,113.018,34,112.654,74,107.526,244,110.069,256,2.58538,139,
2024,Towson,62.9453,358,62.3091,358,104.409,200,103.404,229,100.804,69,101.653,91,1.7516,148,
2024,Troy,70.5477,64,69.7578,66,107.488,124,107.17,156,101.218,77,103.49,119,3.68008,132,
2024,Tulane,73.1791,12,72.7361,12,109.276,98,110.725,92,108.336,262,107.988,211,2.73636,137,
2024,Tulsa,71.342,46,70.575,43,103.058,229,102.961,240,103.121,119,105.225,152,-2.26415,185,
2024,UAB,68.5763,167,67.8176,158,110.804,61,113.666,57,108.972,271,107.141,198,6.5253,106,12
2024,UC Davis,67.8043,219,67.1859,200,103.173,225,102.299,249,100.868,72,103.305,118,-1.00636,175,
2024,UC Irvine,69.5325,111,68.5348,118,109.341,96,109.568,110,98.1821,28,99.4497,53,10.1187,81,
2024,UC Riverside,67.4215,252,67.0875,209,102.568,239,104.695,209,106.904,228,108.805,231,-4.11013,215,
2024,UC San Diego,66.2996,292,65.5489,296,111.328,54,111.864,81,104.156,156,108.01,213,3.85349,129,
2024,UC Santa Barbara,68.5232,171,67.3615,192,105.82,166,106.228,174,105.986,208,109.747,245,-3.51856,205,
2024,UCF,69.3238,124,68.6331,112,102.739,234,107.432,150,97.7992,24,95.5669,18,11.8647,68,
2024,UCLA,64.5961,348,63.0756,353,101.958,249,107.383,152,102.134,97,99.3186,50,8.0643,97,
2024,UMass Lowell,71.8171,37,70.1534,53,106.131,156,106.172,175,99.5746,40,104.914,146,1.25842,154,
2024,UMBC,74.6659,4,73.1597,5,104.62,195,104.953,201,108.309,261,113.351,328,-8.39771,274,
2024,UMKC,67.062,264,66.6298,241,103.235,223,101.249,264,104.565,168,105.291,155,-4.04129,212,
2024,UNC Asheville,69.4386,116,68.2071,137,108.121,117,107.454,149,106.664,221,107.549,206,-0.0944965,163,
2024,UNC Greensboro,66.2571,295,64.8369,321,109.583,92,109.235,117,105.909,203,107.455,203,1.78022,145,
2024,UNC Wilmington,65.4391,328,65.3582,306,113.75,29,113.271,66,107.267,239,108.546,221,4.72432,119,
2024,UNLV,65.0902,340,65.4008,305,109.334,97,113.297,65,104.506,167,101.354,85,11.9423,65,
2024,USC,69.6885,102,68.1688,138,104.817,190,110.506,97,105,180,100.775,77,9.73086,85,
2024,South Carolina Upstate,67.4261,250,67.156,204,100.228,278,100.031,290,109.594,288,109.866,249,-9.83411,287,
2024,UT Arlington,72.0241,32,71.0465,34,106.032,160,109.491,112,103.615,139,104.148,136,5.34229,114,
2024,UT Rio Grande Valley,72.7721,19,71.3163,28,92.5937,352,95.5298,336,110.071,295,111.621,293,-16.0914,329,
2024,Utah,70.8802,56,69.8477,60,109.732,87,114.429,48,101.785,89,99.0502,46,15.3783,47,
2024,Utah State,69.2841,127,68.862,101,112.273,45,116.089,33,103.13,122,100.875,79,15.2141,49,8
2024,Utah Tech,71.7239,38,70.4105,48,97.3634,317,99.8282,293,106.95,229,108.688,226,-8.8596,283,
2024,Utah Valley,68.8082,152,67.6885,163,97.7764,312,100.168,283,99.422,36,100.325,66,-0.157433,165,
2024,UTEP,70.3175,74,69.8028,63,97.0598,323,98.3777,306,97.3393,19,99.5248,55,-1.14712,178,
2024,UTSA,71.2088,49,70.5692,44,106.085,159,106.932,163,112.703,335,113.65,332,-6.71872,254,
2024,Valparaiso,68.7274,155,67.9851,151,97.1703,319,100.245,280,110.382,301,110.991,276,-10.7458,300,
2024,Vanderbilt,67.8087,218,65.6816,285,99.9254,281,105.108,198,111.731,325,107.384,200,-2.2753,186,
2024,VCU,66.0377,305,65.5009,300,107.011,137,109.908,105,99.6896,43,98.6604,43,11.2478,73,
2024,Vermont,65.3096,332,63.2659,350,106.656,143,106.455,170,97.5309,20,99.8765,59,6.57849,105,13
2024,Villanova,64.3105,350,63.6088,348,106.88,140,111.007,88,99.6201,41,94.8686,13,16.1383,43,
2024,Virginia,61.2557,362,60.1096,362,101.795,254,104.851,204,96.5051,11,93.2533,7,11.5976,70,10
2024,Virginia Tech,68.1265,198,67.9729,152,110.289,69,115.692,37,103.925,148,101.72,93,13.9726,56,
2024,VMI,74.6183,5,74.699,2,88.956,360,89.1665,360,113.016,338,111.189,283,-22.0224,353,
2024,Wagner,62.6996,361,61.5345,361,97.8093,311,96.281,331,100.861,70,106.4,179,-10.1194,292,16
2024,Wake Forest,68.8351,150,68.4305,128,112.703,37,117.493,25,101.867,90,99.7248,57,17.7679,29,
2024,Washington,72.0719,30,71.1808,30,110.012,76,115.317,38,105.031,181,102.245,100,13.0719,59,
2024,Washington State,66.4465,281,64.8257,322,109.886,82,113.247,67,99.6617,42,96.7826,26,16.4645,39,7
2024,Weber State,65.9154,311,65.6585,287,109.83,84,108.607,132,104.597,173,107.596,207,1.01132,158,
2024,West Virginia,68.7147,156,68.5124,123,100.619,273,108.275,140,110.872,313,106.348,177,1.9268,144,
2024,Western Carolina,67.8693,215,66.9017,225,109.357,95,109.235,118,101.721,87,103.49,120,5.74478,111,
2024,Western Illinois,65.9421,308,64.7418,326,99.503,288,97.8385,314,101.336,78,105.838,169,-7.99979,271,
2024,Western Kentucky,75.4206,1,75.2358,1,104.502,198,105.387,193,99.0585,35,102.479,103,2.90755,135,15
2024,Western Michigan,68.4724,175,68.533,119,99.9831,280,99.9758,291,108.309,260,111.372,285,-11.3958,304,
2024,Wichita State,69.4098,117,68.059,144,103.33,222,104.654,210,105.065,182,103.545,122,1.10939,156,
2024,William & Mary,66.3042,291,65.9051,273,102.679,236,100.657,272,111.62,323,114.244,340,-13.5869,319,
2024,Winthrop,67.8926,214,66.9755,217,107.786,120,106.989,160,105.782,200,108,212,-1.01149,176,
2024,Wisconsin,65.973,306,65.4374,304,112.317,42,119.072,18,104.573,170,99.0128,44,20.0594,18,5
2024,Wofford,67.0921,263,65.6033,291,106.997,138,107.511,147,110.597,305,110.037,255,-2.52664,191,
2024,Wright State,72.4945,22,71.5302,22,117.424,11,116.088,34,112.877,336,115.166,348,0.921635,159,
2024,Wyoming,67.6936,227,67.2245,198,105.195,180,108.873,126,110.955,315,107.778,208,1.09548,157,
2024,Xavier,71.5081,41,71.1593,31,106.11,158,112.69,73,104.352,161,99.2423,49,13.4478,57,
2024,Yale,65.7861,316,64.8899,316,109.679,88,110.887,90,103.189,125,101.742,94,9.14526,90,13
2024,Youngstown State,70.048,89,68.9545,95,111.127,55,108.38,138,102.358,103,105.238,153,3.14184,134,
